{
  "average": {
    "accuracy": 0.25071736011477763,
    "correct": 699,
    "total": 2788
  },
  "subject": {
    "Chemistry": {
      "accuracy": 0.24064625850340135,
      "correct": 283,
      "total": 1176
    },
    "Math": {
      "accuracy": 0.25112107623318386,
      "correct": 224,
      "total": 892
    },
    "Coding": {
      "accuracy": 0.2783687943262411,
      "correct": 157,
      "total": 564
    },
    "Physics": {
      "accuracy": 0.22435897435897437,
      "correct": 35,
      "total": 156
    }
  },
  "question_type": {
    "multiple choice": {
      "accuracy": 0.3011988011988012,
      "correct": 603,
      "total": 2002
    },
    "open-ended": {
      "accuracy": 0.12213740458015267,
      "correct": 96,
      "total": 786
    }
  },
  "category": {
    "Chemistry": {
      "Reaction Simulation Pro": {
        "accuracy": 0.24761904761904763,
        "correct": 26,
        "total": 105
      },
      "Structure Recognition": {
        "accuracy": 0.37341772151898733,
        "correct": 177,
        "total": 474
      },
      "Graph Reasoning": {
        "accuracy": 0.2222222222222222,
        "correct": 2,
        "total": 9
      },
      "Reaction Simulation": {
        "accuracy": 0.29545454545454547,
        "correct": 39,
        "total": 132
      },
      "Knowledge-based counting": {
        "accuracy": 0.08552631578947369,
        "correct": 39,
        "total": 456
      }
    },
    "Math": {
      "2D Transformation": {
        "accuracy": 0.22180451127819548,
        "correct": 59,
        "total": 266
      },
      "3D Spatial Simulation": {
        "accuracy": 0.14545454545454545,
        "correct": 40,
        "total": 275
      },
      "Path Tracing": {
        "accuracy": 0.2283464566929134,
        "correct": 29,
        "total": 127
      },
      "Multi-hop Visual Object Counting": {
        "accuracy": 0.6532258064516129,
        "correct": 81,
        "total": 124
      },
      "Pattern Inference": {
        "accuracy": 0.15,
        "correct": 15,
        "total": 100
      }
    },
    "Coding": {
      "Advanced Chart Type": {
        "accuracy": 0.2717391304347826,
        "correct": 75,
        "total": 276
      },
      "Axis & Scale": {
        "accuracy": 0.28703703703703703,
        "correct": 31,
        "total": 108
      },
      "Legend": {
        "accuracy": 0.2708333333333333,
        "correct": 26,
        "total": 96
      },
      "Alignment, Orientation, & Position": {
        "accuracy": 0.3,
        "correct": 54,
        "total": 180
      },
      "Gridline": {
        "accuracy": 0.26666666666666666,
        "correct": 16,
        "total": 60
      },
      "3D": {
        "accuracy": 0.28703703703703703,
        "correct": 31,
        "total": 108
      },
      "Color & Texture": {
        "accuracy": 0.28205128205128205,
        "correct": 44,
        "total": 156
      },
      "Marker, Line, & Cap": {
        "accuracy": 0.2708333333333333,
        "correct": 13,
        "total": 48
      },
      "Polar": {
        "accuracy": 0.25,
        "correct": 12,
        "total": 48
      },
      "Data Reasoning": {
        "accuracy": 0.28703703703703703,
        "correct": 31,
        "total": 108
      }
    },
    "Physics": {
      "Path Tracing": {
        "accuracy": 0.15384615384615385,
        "correct": 2,
        "total": 13
      },
      "3d Field Simulation": {
        "accuracy": 0.32432432432432434,
        "correct": 12,
        "total": 37
      },
      "Multi-hop Visual Reasoning": {
        "accuracy": 0.21212121212121213,
        "correct": 7,
        "total": 33
      },
      "Visual Decomposition Simulation": {
        "accuracy": 0.1702127659574468,
        "correct": 8,
        "total": 47
      },
      "Graph Reasoning": {
        "accuracy": 0.23076923076923078,
        "correct": 6,
        "total": 26
      }
    }
  },
  "task": {
    "Coding_Code Choose Vis": {
      "accuracy": 0.2765957446808511,
      "correct": 52,
      "total": 188
    },
    "Coding_Vis Choose Code": {
      "accuracy": 0.26063829787234044,
      "correct": 49,
      "total": 188
    },
    "Coding_Modify Without Image": {
      "accuracy": 0.30851063829787234,
      "correct": 29,
      "total": 94
    },
    "Coding_Modify With Image": {
      "accuracy": 0.2872340425531915,
      "correct": 27,
      "total": 94
    }
  }
}