{
  "average": {
    "accuracy": 0.16247582205029013,
    "correct": 336,
    "total": 2068
  },
  "subject": {
    "Chemistry": {
      "accuracy": 0.047619047619047616,
      "correct": 56,
      "total": 1176
    },
    "Math": {
      "accuracy": 0.31390134529147984,
      "correct": 280,
      "total": 892
    }
  },
  "type": {
    "multiple choice": {
      "accuracy": 0.34806629834254144,
      "correct": 252,
      "total": 724
    },
    "open-ended": {
      "accuracy": 0.0625,
      "correct": 84,
      "total": 1344
    }
  },
  "category": {
    "Chemistry_Reaction Simulation Pro": {
      "accuracy": 0.3619047619047619,
      "correct": 38,
      "total": 105
    },
    "Chemistry_Structure Recognition": {
      "accuracy": 0.014767932489451477,
      "correct": 7,
      "total": 474
    },
    "Chemistry_Graph Reasoning": {
      "accuracy": 0.2222222222222222,
      "correct": 2,
      "total": 9
    },
    "Chemistry_Reaction Simulation": {
      "accuracy": 0.05303030303030303,
      "correct": 7,
      "total": 132
    },
    "Chemistry_Knowledge-based counting": {
      "accuracy": 0.0043859649122807015,
      "correct": 2,
      "total": 456
    },
    "Math_2D Transformation": {
      "accuracy": 0.2894736842105263,
      "correct": 77,
      "total": 266
    },
    "Math_3D Spatial Simulation": {
      "accuracy": 0.21818181818181817,
      "correct": 60,
      "total": 275
    },
    "Math_Path Tracing": {
      "accuracy": 0.1889763779527559,
      "correct": 24,
      "total": 127
    },
    "Math_Multi-hop Visual Object Counting": {
      "accuracy": 0.8064516129032258,
      "correct": 100,
      "total": 124
    },
    "Math_Pattern Inference": {
      "accuracy": 0.19,
      "correct": 19,
      "total": 100
    }
  },
  "task": {}
}