{
  "average": {
    "accuracy": 0.23350071736011477,
    "correct": 651,
    "total": 2788
  },
  "subject": {
    "Chemistry": {
      "accuracy": 0.19727891156462585,
      "correct": 232,
      "total": 1176
    },
    "Math": {
      "accuracy": 0.2219730941704036,
      "correct": 198,
      "total": 892
    },
    "Coding": {
      "accuracy": 0.30319148936170215,
      "correct": 171,
      "total": 564
    },
    "Physics": {
      "accuracy": 0.32051282051282054,
      "correct": 50,
      "total": 156
    }
  },
  "question_type": {
    "multiple choice": {
      "accuracy": 0.2807192807192807,
      "correct": 562,
      "total": 2002
    },
    "open-ended": {
      "accuracy": 0.11323155216284987,
      "correct": 89,
      "total": 786
    }
  },
  "category": {
    "Chemistry": {
      "Reaction Simulation Pro": {
        "accuracy": 0.22857142857142856,
        "correct": 24,
        "total": 105
      },
      "Structure Recognition": {
        "accuracy": 0.2911392405063291,
        "correct": 138,
        "total": 474
      },
      "Graph Reasoning": {
        "accuracy": 0.2222222222222222,
        "correct": 2,
        "total": 9
      },
      "Reaction Simulation": {
        "accuracy": 0.2878787878787879,
        "correct": 38,
        "total": 132
      },
      "Knowledge-based counting": {
        "accuracy": 0.06578947368421052,
        "correct": 30,
        "total": 456
      }
    },
    "Math": {
      "2D Transformation": {
        "accuracy": 0.16165413533834586,
        "correct": 43,
        "total": 266
      },
      "3D Spatial Simulation": {
        "accuracy": 0.14545454545454545,
        "correct": 40,
        "total": 275
      },
      "Path Tracing": {
        "accuracy": 0.15748031496062992,
        "correct": 20,
        "total": 127
      },
      "Multi-hop Visual Object Counting": {
        "accuracy": 0.6451612903225806,
        "correct": 80,
        "total": 124
      },
      "Pattern Inference": {
        "accuracy": 0.15,
        "correct": 15,
        "total": 100
      }
    },
    "Coding": {
      "Advanced Chart Type": {
        "accuracy": 0.2753623188405797,
        "correct": 76,
        "total": 276
      },
      "Axis & Scale": {
        "accuracy": 0.32407407407407407,
        "correct": 35,
        "total": 108
      },
      "Legend": {
        "accuracy": 0.3125,
        "correct": 30,
        "total": 96
      },
      "Alignment, Orientation, & Position": {
        "accuracy": 0.2611111111111111,
        "correct": 47,
        "total": 180
      },
      "Gridline": {
        "accuracy": 0.43333333333333335,
        "correct": 26,
        "total": 60
      },
      "3D": {
        "accuracy": 0.35185185185185186,
        "correct": 38,
        "total": 108
      },
      "Color & Texture": {
        "accuracy": 0.3076923076923077,
        "correct": 48,
        "total": 156
      },
      "Marker, Line, & Cap": {
        "accuracy": 0.2708333333333333,
        "correct": 13,
        "total": 48
      },
      "Polar": {
        "accuracy": 0.20833333333333334,
        "correct": 10,
        "total": 48
      },
      "Data Reasoning": {
        "accuracy": 0.3333333333333333,
        "correct": 36,
        "total": 108
      }
    },
    "Physics": {
      "Path Tracing": {
        "accuracy": 0.5384615384615384,
        "correct": 7,
        "total": 13
      },
      "3d Field Simulation": {
        "accuracy": 0.2702702702702703,
        "correct": 10,
        "total": 37
      },
      "Multi-hop Visual Reasoning": {
        "accuracy": 0.21212121212121213,
        "correct": 7,
        "total": 33
      },
      "Visual Decomposition Simulation": {
        "accuracy": 0.3404255319148936,
        "correct": 16,
        "total": 47
      },
      "Graph Reasoning": {
        "accuracy": 0.38461538461538464,
        "correct": 10,
        "total": 26
      }
    }
  },
  "task": {
    "Coding_Code Choose Vis": {
      "accuracy": 0.24468085106382978,
      "correct": 46,
      "total": 188
    },
    "Coding_Vis Choose Code": {
      "accuracy": 0.2978723404255319,
      "correct": 56,
      "total": 188
    },
    "Coding_Modify Without Image": {
      "accuracy": 0.3829787234042553,
      "correct": 36,
      "total": 94
    },
    "Coding_Modify With Image": {
      "accuracy": 0.35106382978723405,
      "correct": 33,
      "total": 94
    }
  }
}