{
  "average": {
    "accuracy": 0.3141025641025641,
    "correct": 49,
    "total": 156
  },
  "subject": {
    "Physics": {
      "accuracy": 0.3141025641025641,
      "correct": 49,
      "total": 156
    }
  },
  "type": {
    "multiple choice": {
      "accuracy": 0.3141025641025641,
      "correct": 49,
      "total": 156
    }
  },
  "category": {
    "Physics_Path Tracing": {
      "accuracy": 0.46153846153846156,
      "correct": 6,
      "total": 13
    },
    "Physics_3d Field Simulation": {
      "accuracy": 0.1891891891891892,
      "correct": 7,
      "total": 37
    },
    "Physics_Multi-hop Visual Reasoning": {
      "accuracy": 0.30303030303030304,
      "correct": 10,
      "total": 33
    },
    "Physics_Visual Decomposition Simulation": {
      "accuracy": 0.3829787234042553,
      "correct": 18,
      "total": 47
    },
    "Physics_Graph Reasoning": {
      "accuracy": 0.3076923076923077,
      "correct": 8,
      "total": 26
    }
  },
  "task": {}
}