{
  "average": {
    "accuracy": 0.23350071736011477,
    "correct": 651,
    "total": 2788
  },
  "subject": {
    "Chemistry": {
      "accuracy": 0.22534013605442177,
      "correct": 265,
      "total": 1176
    },
    "Math": {
      "accuracy": 0.21748878923766815,
      "correct": 194,
      "total": 892
    },
    "Coding": {
      "accuracy": 0.3067375886524823,
      "correct": 173,
      "total": 564
    },
    "Physics": {
      "accuracy": 0.12179487179487179,
      "correct": 19,
      "total": 156
    }
  },
  "question_type": {
    "multiple choice": {
      "accuracy": 0.27522477522477523,
      "correct": 551,
      "total": 2002
    },
    "open-ended": {
      "accuracy": 0.1272264631043257,
      "correct": 100,
      "total": 786
    }
  },
  "category": {
    "Chemistry": {
      "Reaction Simulation Pro": {
        "accuracy": 0.20952380952380953,
        "correct": 22,
        "total": 105
      },
      "Structure Recognition": {
        "accuracy": 0.33755274261603374,
        "correct": 160,
        "total": 474
      },
      "Graph Reasoning": {
        "accuracy": 0.0,
        "correct": 0,
        "total": 9
      },
      "Reaction Simulation": {
        "accuracy": 0.3787878787878788,
        "correct": 50,
        "total": 132
      },
      "Knowledge-based counting": {
        "accuracy": 0.07236842105263158,
        "correct": 33,
        "total": 456
      }
    },
    "Math": {
      "2D Transformation": {
        "accuracy": 0.17669172932330826,
        "correct": 47,
        "total": 266
      },
      "3D Spatial Simulation": {
        "accuracy": 0.13090909090909092,
        "correct": 36,
        "total": 275
      },
      "Path Tracing": {
        "accuracy": 0.16535433070866143,
        "correct": 21,
        "total": 127
      },
      "Multi-hop Visual Object Counting": {
        "accuracy": 0.6370967741935484,
        "correct": 79,
        "total": 124
      },
      "Pattern Inference": {
        "accuracy": 0.11,
        "correct": 11,
        "total": 100
      }
    },
    "Coding": {
      "Advanced Chart Type": {
        "accuracy": 0.2971014492753623,
        "correct": 82,
        "total": 276
      },
      "Axis & Scale": {
        "accuracy": 0.2777777777777778,
        "correct": 30,
        "total": 108
      },
      "Legend": {
        "accuracy": 0.3645833333333333,
        "correct": 35,
        "total": 96
      },
      "Alignment, Orientation, & Position": {
        "accuracy": 0.28888888888888886,
        "correct": 52,
        "total": 180
      },
      "Gridline": {
        "accuracy": 0.26666666666666666,
        "correct": 16,
        "total": 60
      },
      "3D": {
        "accuracy": 0.37037037037037035,
        "correct": 40,
        "total": 108
      },
      "Color & Texture": {
        "accuracy": 0.3269230769230769,
        "correct": 51,
        "total": 156
      },
      "Marker, Line, & Cap": {
        "accuracy": 0.25,
        "correct": 12,
        "total": 48
      },
      "Polar": {
        "accuracy": 0.25,
        "correct": 12,
        "total": 48
      },
      "Data Reasoning": {
        "accuracy": 0.37037037037037035,
        "correct": 40,
        "total": 108
      }
    },
    "Physics": {
      "Path Tracing": {
        "accuracy": 0.15384615384615385,
        "correct": 2,
        "total": 13
      },
      "3d Field Simulation": {
        "accuracy": 0.10810810810810811,
        "correct": 4,
        "total": 37
      },
      "Multi-hop Visual Reasoning": {
        "accuracy": 0.18181818181818182,
        "correct": 6,
        "total": 33
      },
      "Visual Decomposition Simulation": {
        "accuracy": 0.06382978723404255,
        "correct": 3,
        "total": 47
      },
      "Graph Reasoning": {
        "accuracy": 0.15384615384615385,
        "correct": 4,
        "total": 26
      }
    }
  },
  "task": {
    "Coding_Code Choose Vis": {
      "accuracy": 0.24468085106382978,
      "correct": 46,
      "total": 188
    },
    "Coding_Vis Choose Code": {
      "accuracy": 0.32978723404255317,
      "correct": 62,
      "total": 188
    },
    "Coding_Modify Without Image": {
      "accuracy": 0.35106382978723405,
      "correct": 33,
      "total": 94
    },
    "Coding_Modify With Image": {
      "accuracy": 0.3404255319148936,
      "correct": 32,
      "total": 94
    }
  }
}