{
  "average": {
    "accuracy": 0.2733142037302726,
    "correct": 762,
    "total": 2788
  },
  "subject": {
    "Chemistry": {
      "accuracy": 0.25255102040816324,
      "correct": 297,
      "total": 1176
    },
    "Math": {
      "accuracy": 0.2769058295964126,
      "correct": 247,
      "total": 892
    },
    "Coding": {
      "accuracy": 0.2872340425531915,
      "correct": 162,
      "total": 564
    },
    "Physics": {
      "accuracy": 0.358974358974359,
      "correct": 56,
      "total": 156
    }
  },
  "question_type": {
    "multiple choice": {
      "accuracy": 0.33016983016983015,
      "correct": 661,
      "total": 2002
    },
    "open-ended": {
      "accuracy": 0.12849872773536897,
      "correct": 101,
      "total": 786
    }
  },
  "category": {
    "Chemistry": {
      "Reaction Simulation Pro": {
        "accuracy": 0.26666666666666666,
        "correct": 28,
        "total": 105
      },
      "Structure Recognition": {
        "accuracy": 0.3818565400843882,
        "correct": 181,
        "total": 474
      },
      "Graph Reasoning": {
        "accuracy": 0.3333333333333333,
        "correct": 3,
        "total": 9
      },
      "Reaction Simulation": {
        "accuracy": 0.3939393939393939,
        "correct": 52,
        "total": 132
      },
      "Knowledge-based counting": {
        "accuracy": 0.07236842105263158,
        "correct": 33,
        "total": 456
      }
    },
    "Math": {
      "2D Transformation": {
        "accuracy": 0.24812030075187969,
        "correct": 66,
        "total": 266
      },
      "3D Spatial Simulation": {
        "accuracy": 0.22181818181818183,
        "correct": 61,
        "total": 275
      },
      "Path Tracing": {
        "accuracy": 0.2047244094488189,
        "correct": 26,
        "total": 127
      },
      "Multi-hop Visual Object Counting": {
        "accuracy": 0.6935483870967742,
        "correct": 86,
        "total": 124
      },
      "Pattern Inference": {
        "accuracy": 0.08,
        "correct": 8,
        "total": 100
      }
    },
    "Coding": {
      "Advanced Chart Type": {
        "accuracy": 0.2644927536231884,
        "correct": 73,
        "total": 276
      },
      "Axis & Scale": {
        "accuracy": 0.28703703703703703,
        "correct": 31,
        "total": 108
      },
      "Legend": {
        "accuracy": 0.3020833333333333,
        "correct": 29,
        "total": 96
      },
      "Alignment, Orientation, & Position": {
        "accuracy": 0.24444444444444444,
        "correct": 44,
        "total": 180
      },
      "Gridline": {
        "accuracy": 0.23333333333333334,
        "correct": 14,
        "total": 60
      },
      "3D": {
        "accuracy": 0.3148148148148148,
        "correct": 34,
        "total": 108
      },
      "Color & Texture": {
        "accuracy": 0.3333333333333333,
        "correct": 52,
        "total": 156
      },
      "Marker, Line, & Cap": {
        "accuracy": 0.2916666666666667,
        "correct": 14,
        "total": 48
      },
      "Polar": {
        "accuracy": 0.25,
        "correct": 12,
        "total": 48
      },
      "Data Reasoning": {
        "accuracy": 0.3611111111111111,
        "correct": 39,
        "total": 108
      }
    },
    "Physics": {
      "Path Tracing": {
        "accuracy": 0.23076923076923078,
        "correct": 3,
        "total": 13
      },
      "3d Field Simulation": {
        "accuracy": 0.2702702702702703,
        "correct": 10,
        "total": 37
      },
      "Multi-hop Visual Reasoning": {
        "accuracy": 0.3939393939393939,
        "correct": 13,
        "total": 33
      },
      "Visual Decomposition Simulation": {
        "accuracy": 0.48936170212765956,
        "correct": 23,
        "total": 47
      },
      "Graph Reasoning": {
        "accuracy": 0.2692307692307692,
        "correct": 7,
        "total": 26
      }
    }
  },
  "task": {
    "Coding_Code Choose Vis": {
      "accuracy": 0.22340425531914893,
      "correct": 42,
      "total": 188
    },
    "Coding_Vis Choose Code": {
      "accuracy": 0.28191489361702127,
      "correct": 53,
      "total": 188
    },
    "Coding_Modify Without Image": {
      "accuracy": 0.3829787234042553,
      "correct": 36,
      "total": 94
    },
    "Coding_Modify With Image": {
      "accuracy": 0.32978723404255317,
      "correct": 31,
      "total": 94
    }
  }
}