{
  "average": {
    "accuracy": 0.26578192252510763,
    "correct": 741,
    "total": 2788
  },
  "subject": {
    "Chemistry": {
      "accuracy": 0.2457482993197279,
      "correct": 289,
      "total": 1176
    },
    "Math": {
      "accuracy": 0.2600896860986547,
      "correct": 232,
      "total": 892
    },
    "Coding": {
      "accuracy": 0.29432624113475175,
      "correct": 166,
      "total": 564
    },
    "Physics": {
      "accuracy": 0.34615384615384615,
      "correct": 54,
      "total": 156
    }
  },
  "question_type": {
    "multiple choice": {
      "accuracy": 0.3191808191808192,
      "correct": 639,
      "total": 2002
    },
    "open-ended": {
      "accuracy": 0.1297709923664122,
      "correct": 102,
      "total": 786
    }
  },
  "category": {
    "Chemistry": {
      "Reaction Simulation Pro": {
        "accuracy": 0.42857142857142855,
        "correct": 45,
        "total": 105
      },
      "Structure Recognition": {
        "accuracy": 0.3333333333333333,
        "correct": 158,
        "total": 474
      },
      "Graph Reasoning": {
        "accuracy": 0.1111111111111111,
        "correct": 1,
        "total": 9
      },
      "Reaction Simulation": {
        "accuracy": 0.3712121212121212,
        "correct": 49,
        "total": 132
      },
      "Knowledge-based counting": {
        "accuracy": 0.07894736842105263,
        "correct": 36,
        "total": 456
      }
    },
    "Math": {
      "2D Transformation": {
        "accuracy": 0.18796992481203006,
        "correct": 50,
        "total": 266
      },
      "3D Spatial Simulation": {
        "accuracy": 0.16,
        "correct": 44,
        "total": 275
      },
      "Path Tracing": {
        "accuracy": 0.14960629921259844,
        "correct": 19,
        "total": 127
      },
      "Multi-hop Visual Object Counting": {
        "accuracy": 0.6612903225806451,
        "correct": 82,
        "total": 124
      },
      "Pattern Inference": {
        "accuracy": 0.37,
        "correct": 37,
        "total": 100
      }
    },
    "Coding": {
      "Advanced Chart Type": {
        "accuracy": 0.322463768115942,
        "correct": 89,
        "total": 276
      },
      "Axis & Scale": {
        "accuracy": 0.25,
        "correct": 27,
        "total": 108
      },
      "Legend": {
        "accuracy": 0.2708333333333333,
        "correct": 26,
        "total": 96
      },
      "Alignment, Orientation, & Position": {
        "accuracy": 0.3333333333333333,
        "correct": 60,
        "total": 180
      },
      "Gridline": {
        "accuracy": 0.31666666666666665,
        "correct": 19,
        "total": 60
      },
      "3D": {
        "accuracy": 0.32407407407407407,
        "correct": 35,
        "total": 108
      },
      "Color & Texture": {
        "accuracy": 0.2564102564102564,
        "correct": 40,
        "total": 156
      },
      "Marker, Line, & Cap": {
        "accuracy": 0.22916666666666666,
        "correct": 11,
        "total": 48
      },
      "Polar": {
        "accuracy": 0.3958333333333333,
        "correct": 19,
        "total": 48
      },
      "Data Reasoning": {
        "accuracy": 0.37037037037037035,
        "correct": 40,
        "total": 108
      }
    },
    "Physics": {
      "Path Tracing": {
        "accuracy": 0.15384615384615385,
        "correct": 2,
        "total": 13
      },
      "3d Field Simulation": {
        "accuracy": 0.35135135135135137,
        "correct": 13,
        "total": 37
      },
      "Multi-hop Visual Reasoning": {
        "accuracy": 0.3333333333333333,
        "correct": 11,
        "total": 33
      },
      "Visual Decomposition Simulation": {
        "accuracy": 0.3404255319148936,
        "correct": 16,
        "total": 47
      },
      "Graph Reasoning": {
        "accuracy": 0.46153846153846156,
        "correct": 12,
        "total": 26
      }
    }
  },
  "task": {
    "Coding_Code Choose Vis": {
      "accuracy": 0.31382978723404253,
      "correct": 59,
      "total": 188
    },
    "Coding_Vis Choose Code": {
      "accuracy": 0.2872340425531915,
      "correct": 54,
      "total": 188
    },
    "Coding_Modify Without Image": {
      "accuracy": 0.2553191489361702,
      "correct": 24,
      "total": 94
    },
    "Coding_Modify With Image": {
      "accuracy": 0.30851063829787234,
      "correct": 29,
      "total": 94
    }
  }
}