{
  "average": {
    "accuracy": 0.24439461883408073,
    "correct": 218,
    "total": 892
  },
  "subject": {
    "Math": {
      "accuracy": 0.24439461883408073,
      "correct": 218,
      "total": 892
    }
  },
  "type": {
    "multiple choice": {
      "accuracy": 0.28825622775800713,
      "correct": 162,
      "total": 562
    },
    "open-ended": {
      "accuracy": 0.1696969696969697,
      "correct": 56,
      "total": 330
    }
  },
  "category": {
    "Math_2D Transformation": {
      "accuracy": 0.24812030075187969,
      "correct": 66,
      "total": 266
    },
    "Math_3D Spatial Simulation": {
      "accuracy": 0.16727272727272727,
      "correct": 46,
      "total": 275
    },
    "Math_Path Tracing": {
      "accuracy": 0.2283464566929134,
      "correct": 29,
      "total": 127
    },
    "Math_Multi-hop Visual Object Counting": {
      "accuracy": 0.5,
      "correct": 62,
      "total": 124
    },
    "Math_Pattern Inference": {
      "accuracy": 0.15,
      "correct": 15,
      "total": 100
    }
  }
}