{
  "average": {
    "accuracy": 0.2600896860986547,
    "correct": 232,
    "total": 892
  },
  "subject": {
    "Math": {
      "accuracy": 0.2600896860986547,
      "correct": 232,
      "total": 892
    }
  },
  "type": {
    "multiple choice": {
      "accuracy": 0.33451957295373663,
      "correct": 188,
      "total": 562
    },
    "open-ended": {
      "accuracy": 0.13333333333333333,
      "correct": 44,
      "total": 330
    }
  },
  "category": {
    "Math_2D Transformation": {
      "accuracy": 0.24060150375939848,
      "correct": 64,
      "total": 266
    },
    "Math_3D Spatial Simulation": {
      "accuracy": 0.2509090909090909,
      "correct": 69,
      "total": 275
    },
    "Math_Path Tracing": {
      "accuracy": 0.15748031496062992,
      "correct": 20,
      "total": 127
    },
    "Math_Multi-hop Visual Object Counting": {
      "accuracy": 0.4112903225806452,
      "correct": 51,
      "total": 124
    },
    "Math_Pattern Inference": {
      "accuracy": 0.28,
      "correct": 28,
      "total": 100
    }
  }
}