{
  "average": {
    "accuracy": 0.2320627802690583,
    "correct": 207,
    "total": 892
  },
  "subject": {
    "Math": {
      "accuracy": 0.2320627802690583,
      "correct": 207,
      "total": 892
    }
  },
  "type": {
    "multiple choice": {
      "accuracy": 0.3096085409252669,
      "correct": 174,
      "total": 562
    },
    "open-ended": {
      "accuracy": 0.1,
      "correct": 33,
      "total": 330
    }
  },
  "category": {
    "Math_2D Transformation": {
      "accuracy": 0.23684210526315788,
      "correct": 63,
      "total": 266
    },
    "Math_3D Spatial Simulation": {
      "accuracy": 0.19272727272727272,
      "correct": 53,
      "total": 275
    },
    "Math_Path Tracing": {
      "accuracy": 0.1968503937007874,
      "correct": 25,
      "total": 127
    },
    "Math_Multi-hop Visual Object Counting": {
      "accuracy": 0.4112903225806452,
      "correct": 51,
      "total": 124
    },
    "Math_Pattern Inference": {
      "accuracy": 0.15,
      "correct": 15,
      "total": 100
    }
  }
}