{
  "average": {
    "accuracy": 0.37230989956958394,
    "correct": 1038,
    "total": 2788
  },
  "subject": {
    "Math": {
      "accuracy": 0.2937219730941704,
      "correct": 262,
      "total": 892
    },
    "Chemistry": {
      "accuracy": 0.4107142857142857,
      "correct": 483,
      "total": 1176
    },
    "Coding": {
      "accuracy": 0.40602836879432624,
      "correct": 229,
      "total": 564
    },
    "Physics": {
      "accuracy": 0.41025641025641024,
      "correct": 64,
      "total": 156
    }
  },
  "question_type": {
    "multiple choice": {
      "accuracy": 0.4500499500499501,
      "correct": 901,
      "total": 2002
    },
    "open-ended": {
      "accuracy": 0.1743002544529262,
      "correct": 137,
      "total": 786
    }
  },
  "category": {
    "Math": {
      "2D Transformation": {
        "accuracy": 0.2669172932330827,
        "correct": 71,
        "total": 266
      },
      "3D Spatial Simulation": {
        "accuracy": 0.22181818181818183,
        "correct": 61,
        "total": 275
      },
      "Path Tracing": {
        "accuracy": 0.2283464566929134,
        "correct": 29,
        "total": 127
      },
      "Multi-hop Visual Object Counting": {
        "accuracy": 0.6048387096774194,
        "correct": 75,
        "total": 124
      },
      "Pattern Inference": {
        "accuracy": 0.26,
        "correct": 26,
        "total": 100
      }
    },
    "Chemistry": {
      "Reaction Simulation Pro": {
        "accuracy": 0.580952380952381,
        "correct": 61,
        "total": 105
      },
      "Structure Recognition": {
        "accuracy": 0.5717299578059072,
        "correct": 271,
        "total": 474
      },
      "Graph Reasoning": {
        "accuracy": 0.3333333333333333,
        "correct": 3,
        "total": 9
      },
      "Reaction Simulation": {
        "accuracy": 0.5833333333333334,
        "correct": 77,
        "total": 132
      },
      "Knowledge-based counting": {
        "accuracy": 0.15570175438596492,
        "correct": 71,
        "total": 456
      }
    },
    "Coding": {
      "Advanced Chart Type": {
        "accuracy": 0.38768115942028986,
        "correct": 107,
        "total": 276
      },
      "Axis & Scale": {
        "accuracy": 0.3888888888888889,
        "correct": 42,
        "total": 108
      },
      "Legend": {
        "accuracy": 0.3541666666666667,
        "correct": 34,
        "total": 96
      },
      "Alignment, Orientation, & Position": {
        "accuracy": 0.3388888888888889,
        "correct": 61,
        "total": 180
      },
      "Gridline": {
        "accuracy": 0.43333333333333335,
        "correct": 26,
        "total": 60
      },
      "3D": {
        "accuracy": 0.5,
        "correct": 54,
        "total": 108
      },
      "Color & Texture": {
        "accuracy": 0.4230769230769231,
        "correct": 66,
        "total": 156
      },
      "Marker, Line, & Cap": {
        "accuracy": 0.5,
        "correct": 24,
        "total": 48
      },
      "Polar": {
        "accuracy": 0.3541666666666667,
        "correct": 17,
        "total": 48
      },
      "Data Reasoning": {
        "accuracy": 0.5277777777777778,
        "correct": 57,
        "total": 108
      }
    },
    "Physics": {
      "Path Tracing": {
        "accuracy": 0.5384615384615384,
        "correct": 7,
        "total": 13
      },
      "3d Field Simulation": {
        "accuracy": 0.3783783783783784,
        "correct": 14,
        "total": 37
      },
      "Multi-hop Visual Reasoning": {
        "accuracy": 0.36363636363636365,
        "correct": 12,
        "total": 33
      },
      "Visual Decomposition Simulation": {
        "accuracy": 0.425531914893617,
        "correct": 20,
        "total": 47
      },
      "Graph Reasoning": {
        "accuracy": 0.4230769230769231,
        "correct": 11,
        "total": 26
      }
    }
  },
  "task": {
    "Coding_Code Choose Vis": {
      "accuracy": 0.39361702127659576,
      "correct": 74,
      "total": 188
    },
    "Coding_Vis Choose Code": {
      "accuracy": 0.3882978723404255,
      "correct": 73,
      "total": 188
    },
    "Coding_Modify Without Image": {
      "accuracy": 0.43617021276595747,
      "correct": 41,
      "total": 94
    },
    "Coding_Modify With Image": {
      "accuracy": 0.43617021276595747,
      "correct": 41,
      "total": 94
    }
  }
}