{
  "average": {
    "accuracy": 0.29124820659971307,
    "correct": 812,
    "total": 2788
  },
  "subject": {
    "Physics": {
      "accuracy": 0.38461538461538464,
      "correct": 60,
      "total": 156
    },
    "Math": {
      "accuracy": 0.2589686098654709,
      "correct": 231,
      "total": 892
    },
    "Coding": {
      "accuracy": 0.4095744680851064,
      "correct": 231,
      "total": 564
    },
    "Chemistry": {
      "accuracy": 0.2465986394557823,
      "correct": 290,
      "total": 1176
    }
  },
  "question_type": {
    "multiple choice": {
      "accuracy": 0.36013986013986016,
      "correct": 721,
      "total": 2002
    },
    "open-ended": {
      "accuracy": 0.11577608142493638,
      "correct": 91,
      "total": 786
    }
  },
  "category": {
    "Physics": {
      "Path Tracing": {
        "accuracy": 0.3076923076923077,
        "correct": 4,
        "total": 13
      },
      "3d Field Simulation": {
        "accuracy": 0.2972972972972973,
        "correct": 11,
        "total": 37
      },
      "Multi-hop Visual Reasoning": {
        "accuracy": 0.36363636363636365,
        "correct": 12,
        "total": 33
      },
      "Visual Decomposition Simulation": {
        "accuracy": 0.44680851063829785,
        "correct": 21,
        "total": 47
      },
      "Graph Reasoning": {
        "accuracy": 0.46153846153846156,
        "correct": 12,
        "total": 26
      }
    },
    "Math": {
      "2D Transformation": {
        "accuracy": 0.23308270676691728,
        "correct": 62,
        "total": 266
      },
      "3D Spatial Simulation": {
        "accuracy": 0.26545454545454544,
        "correct": 73,
        "total": 275
      },
      "Path Tracing": {
        "accuracy": 0.15748031496062992,
        "correct": 20,
        "total": 127
      },
      "Multi-hop Visual Object Counting": {
        "accuracy": 0.3790322580645161,
        "correct": 47,
        "total": 124
      },
      "Pattern Inference": {
        "accuracy": 0.29,
        "correct": 29,
        "total": 100
      }
    },
    "Coding": {
      "Advanced Chart Type": {
        "accuracy": 0.37681159420289856,
        "correct": 104,
        "total": 276
      },
      "Axis & Scale": {
        "accuracy": 0.39814814814814814,
        "correct": 43,
        "total": 108
      },
      "Legend": {
        "accuracy": 0.3229166666666667,
        "correct": 31,
        "total": 96
      },
      "Alignment, Orientation, & Position": {
        "accuracy": 0.3333333333333333,
        "correct": 60,
        "total": 180
      },
      "Gridline": {
        "accuracy": 0.5,
        "correct": 30,
        "total": 60
      },
      "3D": {
        "accuracy": 0.5277777777777778,
        "correct": 57,
        "total": 108
      },
      "Color & Texture": {
        "accuracy": 0.4230769230769231,
        "correct": 66,
        "total": 156
      },
      "Marker, Line, & Cap": {
        "accuracy": 0.2916666666666667,
        "correct": 14,
        "total": 48
      },
      "Polar": {
        "accuracy": 0.3333333333333333,
        "correct": 16,
        "total": 48
      },
      "Data Reasoning": {
        "accuracy": 0.5462962962962963,
        "correct": 59,
        "total": 108
      }
    },
    "Chemistry": {
      "Reaction Simulation Pro": {
        "accuracy": 0.5904761904761905,
        "correct": 62,
        "total": 105
      },
      "Structure Recognition": {
        "accuracy": 0.22151898734177214,
        "correct": 105,
        "total": 474
      },
      "Graph Reasoning": {
        "accuracy": 0.3333333333333333,
        "correct": 3,
        "total": 9
      },
      "Reaction Simulation": {
        "accuracy": 0.5,
        "correct": 66,
        "total": 132
      },
      "Knowledge-based counting": {
        "accuracy": 0.11842105263157894,
        "correct": 54,
        "total": 456
      }
    }
  },
  "task": {
    "Coding_Code Choose Vis": {
      "accuracy": 0.3829787234042553,
      "correct": 72,
      "total": 188
    },
    "Coding_Vis Choose Code": {
      "accuracy": 0.4627659574468085,
      "correct": 87,
      "total": 188
    },
    "Coding_Modify Without Image": {
      "accuracy": 0.3723404255319149,
      "correct": 35,
      "total": 94
    },
    "Coding_Modify With Image": {
      "accuracy": 0.39361702127659576,
      "correct": 37,
      "total": 94
    }
  }
}