{
  "average": {
    "accuracy": 0.3242467718794835,
    "correct": 904,
    "total": 2788
  },
  "subject": {
    "Chemistry": {
      "accuracy": 0.31887755102040816,
      "correct": 375,
      "total": 1176
    },
    "Coding": {
      "accuracy": 0.40070921985815605,
      "correct": 226,
      "total": 564
    },
    "Math": {
      "accuracy": 0.27242152466367714,
      "correct": 243,
      "total": 892
    },
    "Physics": {
      "accuracy": 0.38461538461538464,
      "correct": 60,
      "total": 156
    }
  },
  "question_type": {
    "multiple choice": {
      "accuracy": 0.3981018981018981,
      "correct": 797,
      "total": 2002
    },
    "open-ended": {
      "accuracy": 0.1361323155216285,
      "correct": 107,
      "total": 786
    }
  },
  "category": {
    "Chemistry": {
      "Reaction Simulation Pro": {
        "accuracy": 0.42857142857142855,
        "correct": 45,
        "total": 105
      },
      "Structure Recognition": {
        "accuracy": 0.4704641350210971,
        "correct": 223,
        "total": 474
      },
      "Graph Reasoning": {
        "accuracy": 0.1111111111111111,
        "correct": 1,
        "total": 9
      },
      "Reaction Simulation": {
        "accuracy": 0.5151515151515151,
        "correct": 68,
        "total": 132
      },
      "Knowledge-based counting": {
        "accuracy": 0.08333333333333333,
        "correct": 38,
        "total": 456
      }
    },
    "Coding": {
      "Advanced Chart Type": {
        "accuracy": 0.38405797101449274,
        "correct": 106,
        "total": 276
      },
      "Axis & Scale": {
        "accuracy": 0.4444444444444444,
        "correct": 48,
        "total": 108
      },
      "Legend": {
        "accuracy": 0.34375,
        "correct": 33,
        "total": 96
      },
      "Alignment, Orientation, & Position": {
        "accuracy": 0.35,
        "correct": 63,
        "total": 180
      },
      "Gridline": {
        "accuracy": 0.43333333333333335,
        "correct": 26,
        "total": 60
      },
      "3D": {
        "accuracy": 0.5185185185185185,
        "correct": 56,
        "total": 108
      },
      "Color & Texture": {
        "accuracy": 0.391025641025641,
        "correct": 61,
        "total": 156
      },
      "Marker, Line, & Cap": {
        "accuracy": 0.3333333333333333,
        "correct": 16,
        "total": 48
      },
      "Polar": {
        "accuracy": 0.3333333333333333,
        "correct": 16,
        "total": 48
      },
      "Data Reasoning": {
        "accuracy": 0.5648148148148148,
        "correct": 61,
        "total": 108
      }
    },
    "Math": {
      "2D Transformation": {
        "accuracy": 0.2744360902255639,
        "correct": 73,
        "total": 266
      },
      "3D Spatial Simulation": {
        "accuracy": 0.19636363636363635,
        "correct": 54,
        "total": 275
      },
      "Path Tracing": {
        "accuracy": 0.1732283464566929,
        "correct": 22,
        "total": 127
      },
      "Multi-hop Visual Object Counting": {
        "accuracy": 0.5887096774193549,
        "correct": 73,
        "total": 124
      },
      "Pattern Inference": {
        "accuracy": 0.21,
        "correct": 21,
        "total": 100
      }
    },
    "Physics": {
      "Path Tracing": {
        "accuracy": 0.3076923076923077,
        "correct": 4,
        "total": 13
      },
      "3d Field Simulation": {
        "accuracy": 0.40540540540540543,
        "correct": 15,
        "total": 37
      },
      "Multi-hop Visual Reasoning": {
        "accuracy": 0.3333333333333333,
        "correct": 11,
        "total": 33
      },
      "Visual Decomposition Simulation": {
        "accuracy": 0.3617021276595745,
        "correct": 17,
        "total": 47
      },
      "Graph Reasoning": {
        "accuracy": 0.5,
        "correct": 13,
        "total": 26
      }
    }
  },
  "task": {
    "Coding_Code Choose Vis": {
      "accuracy": 0.4308510638297872,
      "correct": 81,
      "total": 188
    },
    "Coding_Vis Choose Code": {
      "accuracy": 0.35106382978723405,
      "correct": 66,
      "total": 188
    },
    "Coding_Modify Without Image": {
      "accuracy": 0.40425531914893614,
      "correct": 38,
      "total": 94
    },
    "Coding_Modify With Image": {
      "accuracy": 0.43617021276595747,
      "correct": 41,
      "total": 94
    }
  }
}