{
  "average": {
    "accuracy": 0.32711621233859395,
    "correct": 912,
    "total": 2788
  },
  "subject": {
    "Math": {
      "accuracy": 0.2556053811659193,
      "correct": 228,
      "total": 892
    },
    "Coding": {
      "accuracy": 0.3900709219858156,
      "correct": 220,
      "total": 564
    },
    "Chemistry": {
      "accuracy": 0.336734693877551,
      "correct": 396,
      "total": 1176
    },
    "Physics": {
      "accuracy": 0.4358974358974359,
      "correct": 68,
      "total": 156
    }
  },
  "question_type": {
    "multiple choice": {
      "accuracy": 0.3856143856143856,
      "correct": 772,
      "total": 2002
    },
    "open-ended": {
      "accuracy": 0.178117048346056,
      "correct": 140,
      "total": 786
    }
  },
  "category": {
    "Math": {
      "2D Transformation": {
        "accuracy": 0.23684210526315788,
        "correct": 63,
        "total": 266
      },
      "3D Spatial Simulation": {
        "accuracy": 0.1781818181818182,
        "correct": 49,
        "total": 275
      },
      "Path Tracing": {
        "accuracy": 0.14173228346456693,
        "correct": 18,
        "total": 127
      },
      "Multi-hop Visual Object Counting": {
        "accuracy": 0.6048387096774194,
        "correct": 75,
        "total": 124
      },
      "Pattern Inference": {
        "accuracy": 0.23,
        "correct": 23,
        "total": 100
      }
    },
    "Coding": {
      "Advanced Chart Type": {
        "accuracy": 0.38405797101449274,
        "correct": 106,
        "total": 276
      },
      "Axis & Scale": {
        "accuracy": 0.4166666666666667,
        "correct": 45,
        "total": 108
      },
      "Legend": {
        "accuracy": 0.3645833333333333,
        "correct": 35,
        "total": 96
      },
      "Alignment, Orientation, & Position": {
        "accuracy": 0.34444444444444444,
        "correct": 62,
        "total": 180
      },
      "Gridline": {
        "accuracy": 0.31666666666666665,
        "correct": 19,
        "total": 60
      },
      "3D": {
        "accuracy": 0.49074074074074076,
        "correct": 53,
        "total": 108
      },
      "Color & Texture": {
        "accuracy": 0.41025641025641024,
        "correct": 64,
        "total": 156
      },
      "Marker, Line, & Cap": {
        "accuracy": 0.3125,
        "correct": 15,
        "total": 48
      },
      "Polar": {
        "accuracy": 0.2916666666666667,
        "correct": 14,
        "total": 48
      },
      "Data Reasoning": {
        "accuracy": 0.5462962962962963,
        "correct": 59,
        "total": 108
      }
    },
    "Chemistry": {
      "Reaction Simulation Pro": {
        "accuracy": 0.45714285714285713,
        "correct": 48,
        "total": 105
      },
      "Structure Recognition": {
        "accuracy": 0.4240506329113924,
        "correct": 201,
        "total": 474
      },
      "Graph Reasoning": {
        "accuracy": 0.3333333333333333,
        "correct": 3,
        "total": 9
      },
      "Reaction Simulation": {
        "accuracy": 0.5151515151515151,
        "correct": 68,
        "total": 132
      },
      "Knowledge-based counting": {
        "accuracy": 0.16666666666666666,
        "correct": 76,
        "total": 456
      }
    },
    "Physics": {
      "Path Tracing": {
        "accuracy": 0.6923076923076923,
        "correct": 9,
        "total": 13
      },
      "3d Field Simulation": {
        "accuracy": 0.35135135135135137,
        "correct": 13,
        "total": 37
      },
      "Multi-hop Visual Reasoning": {
        "accuracy": 0.3939393939393939,
        "correct": 13,
        "total": 33
      },
      "Visual Decomposition Simulation": {
        "accuracy": 0.44680851063829785,
        "correct": 21,
        "total": 47
      },
      "Graph Reasoning": {
        "accuracy": 0.46153846153846156,
        "correct": 12,
        "total": 26
      }
    }
  },
  "task": {
    "Coding_Code Choose Vis": {
      "accuracy": 0.40425531914893614,
      "correct": 76,
      "total": 188
    },
    "Coding_Vis Choose Code": {
      "accuracy": 0.35106382978723405,
      "correct": 66,
      "total": 188
    },
    "Coding_Modify Without Image": {
      "accuracy": 0.44680851063829785,
      "correct": 42,
      "total": 94
    },
    "Coding_Modify With Image": {
      "accuracy": 0.3829787234042553,
      "correct": 36,
      "total": 94
    }
  }
}